id,street,city,state,zip
ben-taylor-home-grass-valley,652 Linden Ave,Grass Valley,CA,
chinese-cemetary-nevada-city,9 Kidder Court,Nevada City,CA,
chris-stevens-court-grass-valley,"Stevens Court, off Mill St",Grass Valley,CA,
chuck-yeager-monument-grass-valley,"Nevada County Airport, John Bauer Ave.",Grass Valley,CA,
elk-s-lodge-nevada-city,111 N. Pine St,Nevada City,CA,
ellen-sargent-nevada-city,Calanan Park,Nevada City,CA,
first-commercial-winery-305-broad-st-nevada-city,305 Broad St.,Nevada City,CA,
golden-era-lounge-309-broad-street-nevada-city,309 Broad Street/Golden Era Lounge,Nevada City,CA,
hirschman-s-pond-nevada-city,"15475 Hwy 49,",Nevada City,CA,
jacob-van-blaren-penn-valley,"Just east of 19321 Wildflower Dr, Lake Wildwood",Penn Valley,CA,
jax-truckee-diner-truckee,"Corner of Bridge and W. River Sts.,",Truckee,CA,
kentucky-flat-school-nevada-city,13281 Newtown Rd,Nevada City,CA,
kentucky-ridge-mine-site-nevada-city,10615 Lone Lobo Trail,Nevada City,CA,
mcguashen-butterfly-collection-truckee,Inside 10981 Truckee Way,Truckee,CA,
memorial-arch-truckee,"Behind the Old Jail, northeast corner of Spring and Jibboom Sts",Truckee,CA,
nevada-city-ame-church-site-nevada-city,549 N. Pine St,Nevada City,CA,
north-san-juan-protestant-cemetery-north-san-juan,27994 Cemetery Alley,North San Juan,CA,
preston-and-louisa-alexander-homesite-nevada-city,330 Alexander St.,Nevada City,CA,
rough-and-ready-cemetery-rough-and-ready,14472 Stagecoach Way,Rough and Ready,CA,
w-c-jones-memorial-hospital-grass-valley,328 S. Church St.,Grass Valley,CA,
washoe-tribe-grinding-stone-lam-truckee,Northeast corner of Jibboom and Bridge Sts,Truckee,CA,
woolman-school-nevada-city,12075 Woolman Lane,Nevada City,CA,
uncle-rob-s-cabin-grass-valley,13970 Seven Cedars Dr,Grass Valley,CA,
ca-historical-marker-floriston-bronco-floriston,10290 Floriston Way,Floriston,CA,
adele-s-attic-truckee,10064 Donner Pass Road,Truckee,CA,
back-in-the-day-grass-valley,120 Mill St,Grass Valley,CA,
brothers-arts-and-antiques-nevada-city,319 Broad St,Nevada City,CA,
enid-and-edgar-vintage-nevada-city,754 Zion St,Nevada City,CA,
grass-valley-antique-emporium-grass-valley,150 Mill St,Grass Valley,CA,
kodo-arts-japanese-antiques-nevada-city,571 Searls Ave,Nevada City,CA,
lost-and-found-vintage-nevada-city,227 Broad St,Nevada City,CA,
solstice-nevada-city,104 N Pine St,Nevada City,CA,
sunchild-s-parlour-grass-valley,126 W Main St,Grass Valley,CA,
unique-boutique-truckee,10925 W River St,Truckee,CA,
valhalla-vintage-truckee,10736 Pioneer Trail,Truckee,CA,
vintage-on-mill-grass-valley,117 Mill St,Grass Valley,CA,
9848-gallery-truckee-artist-lofts-truckee,9848 Donner Pass Rd,Truckee,CA,
art-space-grass-valley,509 S Auburn St,Grass Valley,CA,
art-truckee-truckee,9940 Donner Pass Rd,Truckee,CA,
art-works-gallery-grass-valley,113 Mill St,Grass Valley,CA,
asif-studios-grass-valley,940 Idaho Maryland Rd,Grass Valley,CA,
bear-river-glassworks-grass-valley,20033 Casa Loma Dr,Grass Valley,CA,
c-h-a-m-p-gallery-at-city-hall-nevada-city,317 Broad St,Nevada City,CA,
eric-rood-administration-center-lobby-nevada-city,950 Maidu Ave,Nevada City,CA,
holt-ballet-conservatory-nevada-city,400 Providence Mine Rd,Nevada City,CA,
juxtartstudios-nevada-city,406 Nimrod St,Nevada City,CA,
la-galleria-truckee,10112 Donner Pass Rd,Truckee,CA,
lorien-powers-studio-jewelry-truckee,9932 Donner Pass Rd,Truckee,CA,
mix-decor-design-nevada-city,108 Argall Way,Nevada City,CA,
piper-j-gallery-truckee,10250 Donner Pass Rd,Truckee,CA,
ridgeline-gallery-truckee,10104 Donner Pass Rd,Truckee,CA,
seven-stars-gallery-nevada-city,210 Spring St,Nevada City,CA,
steve-randall-community-recreation-center-truckee,10981 Truckee Way,Truckee,CA,
the-chambers-project-grass-valley,627 E Main St,Grass Valley,CA,
the-granucci-gallery-grass-valley,314 W Main St,Grass Valley,CA,
the-vault-crush-nevada-city,211 Broad Street,Nevada City,CA,
truckee-dance-factory-truckee,"10975 Pioneer Trail, #3",Truckee,CA,
truckee-tahoe-airport-truckee,10356 Truckee Airport,Truckee,CA,
uba-seo-nisenan-arts-and-culture-nevada-city,225 Broad St,Nevada City,CA,
wolf-craft-school-nevada-city,"205 York St, Ste C",Nevada City,CA,
nevada-county-arts-council-and-truckee-cultural-district-truckee,"10266 Truckee Airport Rd, Ste C",Truckee,CA,
auric-adornments-grass-valley,470 Auburn St,Grass Valley,CA,
grateful-ink-nevada-city,315 Spring St,Nevada City,CA,
punk-and-bunny-tattoo-grass-valley,1087 E Main St,Grass Valley,CA,
snowy-mountain-tattoo-co-truckee,11400 Donner Pass Rd,Truckee,CA,
sweet-spirit-tattoo-nevada-city,"420 Providence Mine Rd, Ste 245",Nevada City,CA,
truth-tattoo-truckee,10099 Jibboom St,Truckee,CA,
an-inner-sanctum-nevada-city,"308 Broad St,",Nevada City,CA,
brown-banana-books-grass-valley,671 Maltman Dr,Grass Valley,CA,
clock-tower-records-grass-valley,130 W Main St,Grass Valley,CA,
foggy-mountain-music-grass-valley,104 W Main St,Grass Valley,CA,
gold-city-guitar-repair-nevada-city,220 Main St #7B,Nevada City,CA,
nevada-county-doris-foley-library-for-historical-research-nevada-city,211 N Pine St,Nevada City,CA,
nevada-county-library-bear-river-branch-auburn,11010 Combie Rd,Auburn,CA,
nevada-county-library-grass-valley-royce-branch-grass-valley,207 Mill St,Grass Valley,CA,
nevada-county-library-madelyn-helling-branch-nevada-city,980 Helling Way,Nevada City,CA,
nevada-county-library-penn-valley-branch-penn-valley,11252 Pleasant Valley Rd,Penn Valley,CA,
rock-cellar-records-truckee,10052 Donner Pass Rd,Truckee,CA,
ron-s-real-records-grass-valley,233A Mill St,Grass Valley,CA,
san-juan-ridge-community-library-nevada-city,18841 Oak Tree Rd,Nevada City,CA,
sans-backup-plan-records-nevada-city,"748 Zion St, A",Nevada City,CA,
sound-check-music-grass-valley,671 Maltman Dr,Grass Valley,CA,
split-rock-music-co-truckee,10230 Donner Pass Rd,Truckee,CA,
toad-hall-books-nevada-city,108 N Pine St,Nevada City,CA,
word-after-word-books-truckee,10052 Donner Pass Rd,Truckee,CA,
1882-bar-and-grill-truckee,10009 E River St,Truckee,CA,
alloro-ristorante-grass-valley,124 Bank St,Grass Valley,CA,
bar-of-america-truckee,10040 Donner Pass Rd,Truckee,CA,
bicycle-thief-grass-valley,"122 E Main St,",Grass Valley,CA,
blue-coyote-bar-and-grill-truckee,10015 Palisades Dr,Truckee,CA,
brewhaus-nevada-city,300 Spring St,Nevada City,CA,
bubba-s-bagels-grass-valley,860 Sutton Way,Grass Valley,CA,
burger-me-truckee,10418 Donner Pass Rd,Truckee,CA,
casa-baeza-mexican-restaurant-truckee,10010 Bridge St,Truckee,CA,
clarky-s-bbq-smoke-and-more-penn-valley,17487 Penn Valley Dr,Penn Valley,CA,
cloud-sushi-truckee,10130 W River St,Truckee,CA,
como-truckee,10164 Donner Pass Rd,Truckee,CA,
craft-and-logic-taproom-truckee,11448 Deerfield Dr,Truckee,CA,
crazy-horse-saloon-and-grill-nevada-city,230 Commercial St,Nevada City,CA,
daybreak-cafe-penn-valley,17438 Penn Valley Dr,Penn Valley,CA,
donner-creek-brewing-truckee,11448 Deerfield Dr,Truckee,CA,
donner-lake-kitchen-truckee,13720 Donner Pass Rd,Truckee,CA,
drunken-monkey-sushi-truckee,"11253 Brockway Rd, Ste #105",Truckee,CA,
el-milagro-mexican-restaurant-grass-valley,760 A S Auburn St,Grass Valley,CA,
el-toro-bravo-truckee,10186 Donner Pass Rd,Truckee,CA,
elixart-nevada-city,203 York St,Nevada City,CA,
enrique-s-lounge-grass-valley,120 E Main St,Grass Valley,CA,
fiftyfifty-brewing-co-truckee,11197 Brockway Rd,Truckee,CA,
friar-tuck-s-restaurant-and-bar-nevada-city,111 N Pine St,Nevada City,CA,
front-street-station-pizza-co-truckee,11782 Donner Pass Rd,Truckee,CA,
fudenj-ce-nevada-city,815 Zion St,Nevada City,CA,
full-belly-deli-truckee,"10825 Pioneer Trail, #103",Truckee,CA,
gary-s-place-grass-valley,158 Mill St,Grass Valley,CA,
gold-vibe-kombuchary-grass-valley,12615 Charles Dr,Grass Valley,CA,
golden-rotisserie-truckee,11357 Donner Pass Rd,Truckee,CA,
good-wolf-brewing-truckee,10990 Industrial Way,Truckee,CA,
grass-valley-brewing-co-grass-valley,141 E Main St,Grass Valley,CA,
heartwood-eatery-and-annex-nevada-city,237 Commercial St,Nevada City,CA,
iron-door-speakeasy-grass-valley,212 W Main St,Grass Valley,CA,
jax-at-the-tracks-truckee,"10144 W River St,",Truckee,CA,
kaido-grass-valley,207 W Main St,Grass Valley,CA,
la-bamba-mexican-restaurant-truckee,11760 Donner Pass Rd,Truckee,CA,
lika-s-quarter-cafe-nevada-city,401 Commercial St,Nevada City,CA,
lola-at-the-national-exchange-hotel-nevada-city,211 Broad St,Nevada City,CA,
mak-s-bbq-grass-valley,10128 Alta Sierra Dr,Grass Valley,CA,
makiali-truckee,"11357 Donner Pass Rd, Ste F,",Truckee,CA,
maria-s-mexican-restaurant-grass-valley,226 E Main St,Grass Valley,CA,
marshall-s-pasties-grass-valley,203 Mill St,Grass Valley,CA,
masa-kitchen-truckee,10068 Donner Pass Rd,Truckee,CA,
mcgees-annex-nevada-city,315 Broad St,Nevada City,CA,
mehfil-indian-bistro-truckee,11421 Deerfield Dr,Truckee,CA,
moi-s-thai-cafe-penn-valley,11332 Pleasant Valley Rd,Penn Valley,CA,
mountain-lotus-cafe-truckee,10124 E St,Truckee,CA,
nevada-city-classic-cafe-nevada-city,216 Broad St,Nevada City,CA,
nevada-club-grass-valley,108 W Main St,Grass Valley,CA,
old-town-tap-truckee,10164 Donner Pass Rd,Truckee,CA,
penn-valley-northridge-penn-valley,17464 Penn Valley Dr #101,Penn Valley,CA,
pete-s-pizza-grass-valley,114 W Main St,Grass Valley,CA,
pianeta-truckee,10098 Donner Pass Rd,Truckee,CA,
pj-s-at-grays-crossing-truckee,11402 Henness Rd,Truckee,CA,
players-restaurant-and-sports-bar-penn-valley,10161 Commercial Ave,Penn Valley,CA,
restaurant-dakan-nevada-city,300 Commercial St,Nevada City,CA,
rmu-truckee,10292 Donner Pass Rd,Truckee,CA,
siam-cuisine-truckee,"10770 Donner Pass Rd, #101",Truckee,CA,
smokey-s-kitchen-truckee,12036 Donner Pass Rd,Truckee,CA,
spring-poke-and-sushi-truckee,11375 Deerfield Dr,Truckee,CA,
squeeze-in-truckee,"10060 Donner Pass, Rd B",Truckee,CA,
stella-truckee,10948 Brockway Rd,Truckee,CA,
sushi-in-the-raw-at-california-organics-nevada-city,135 Argall Way,Nevada City,CA,
sushi-q-nevada-city,238 Commercial St,Nevada City,CA,
tack-room-restaurant-and-bar-penn-valley,17356 Penn Valley Dr,Penn Valley,CA,
tacos-jalisco-truckee,"11400 Donner Pass Rd, #25",Truckee,CA,
tangerine-french-bistro-truckee,10412 Donner Pass Rd,Truckee,CA,
taqueria-el-taco-loco-nevada-city,104 Union St,Nevada City,CA,
taste-of-thai-grass-valley,204 W Main St,Grass Valley,CA,
thai-delicacy-truckee,"11253 Brockway Rd, #101",Truckee,CA,
the-fern-nevada-city,235 Commercial St,Nevada City,CA,
the-mine-shaft-saloon-nevada-city,222 Broad St,Nevada City,CA,
the-national-bar-nevada-city,211 Broad St,Nevada City,CA,
the-owl-tavern-grass-valley,134 Mill St,Grass Valley,CA,
the-pizza-joint-nevada-city,228 Commercial St,Nevada City,CA,
the-place-on-south-pine-nevada-city,110 S Pine St,Nevada City,CA,
the-pub-at-donner-lake-truckee,15963 S Shore Dr,Truckee,CA,
the-thirsty-barrel-taphouse-and-grille-grass-valley,116 Neal St,Grass Valley,CA,
thirsty-barrel-brewing-penn-valley-penn-valley,10183 Commercial Ave,Penn Valley,CA,
trokay-truckee,10046 Donner Pass Rd,Truckee,CA,
truckee-brewing-company-restaurant-truckee,"10001 Soaring Way, Unit A Ste 110",Truckee,CA,
truckee-tavern-and-grill-truckee,10118 Donner Pass Rd,Truckee,CA,
tuscany-gardens-pizzeria-penn-valley,11370 Pleasant Valley Rd,Penn Valley,CA,
village-pizzaria-truckee,11329 Deerfield Dr,Truckee,CA,
wild-eye-pub-grass-valley,535 Mill St,Grass Valley,CA,
wong-s-garden-truckee,11430 Deerfield Dr,Truckee,CA,
zano-s-family-italian-and-pizzeria-truckee,11401 Donner Pass Rd,Truckee,CA,
grass-valley-downtown-association-grass-valley,128 E Main St,Grass Valley,CA,
greater-grass-valley-chamber-of-commerce-grass-valley,128 E Main St,Grass Valley,CA,
lift-cowork-conference-and-wellness-center-truckee,10266 Truckee Airport Rd,Truckee,CA,
nevada-county-arts-council-nevada-city,100 N Pine St,Nevada City,CA,
abstrakt-nevada-city,228 Broad St,Nevada City,CA,
bamboo-home-store-grass-valley,114 E Main St,Grass Valley,CA,
cabona-s-truckee,10100 Donner Pass Rd,Truckee,CA,
california-89-truckee,10156 Donner Pass Rd,Truckee,CA,
cosmic-shark-clothing-grass-valley,13024 Bitney Springs Road,Grass Valley,CA,
dressed-boutique-truckee,10084 Donner Pass Rd,Truckee,CA,
earth-central-nevada-city,417 Broad St,Nevada City,CA,
echo-blue-truckee,"11429 Donner Pass Rd, Ste 5",Truckee,CA,
ela-chapman-truckee,10056 Donner Pass Rd,Truckee,CA,
elevate-athleisure-grass-valley,124 Mill St,Grass Valley,CA,
empire-shoes-grass-valley,112 Mill St,Grass Valley,CA,
field-day-apparel-nevada-city,408 Broad St,Nevada City,CA,
fur-traders-nevada-city,303 Broad St,Nevada City,CA,
j-breuer-clothing-grass-valley,141 Mill St,Grass Valley,CA,
juniper-boutique-truckee,10056 Donner Pass Rd,Truckee,CA,
kalifornia-jean-bar-truckee,10092 Donner Pass Rd,Truckee,CA,
kiya-s-naturals-nevada-city,241 Commercial St,Nevada City,CA,
lateda-grass-valley,138 Mill St,Grass Valley,CA,
main-street-kids-nevada-city,212 Main Street,Nevada City,CA,
mama-madrones-nevada-city,307 Broad St,Nevada City,CA,
marilyn-s-catwalk-truckee,10058 Donner Pass Rd,Truckee,CA,
marley-lane-grass-valley,105 W Main St,Grass Valley,CA,
mint-grass-valley,144 Mill St,Grass Valley,CA,
mo-jo-and-zoe-truckee,10122 Donner Pass Rd,Truckee,CA,
moms-and-minis-grass-valley,201 W Main St,Grass Valley,CA,
native-wren-grass-valley,125 Mill St,Grass Valley,CA,
nomad-boutique-truckee,10046 Donner Pass Rd,Truckee,CA,
novak-s-menswear-nevada-city,305 Broad St,Nevada City,CA,
of-earth-and-salt-nevada-city,576 Searls Ave,Nevada City,CA,
soulcrafts-nevada-city,236 Commercial St,Nevada City,CA,
tahoe-mountain-life-truckee,"10120 Jibboom St, #102",Truckee,CA,
tahoe-truckee-t-shirtery-truckee,10128 Donner Pass Rd,Truckee,CA,
the-hat-store-nevada-city,314 Broad St,Nevada City,CA,
the-phoenix-rose-nevada-city,313 Broad St,Nevada City,CA,
the-sock-parlour-truckee,"10064 Donner Pass Rd, Ste 1",Truckee,CA,
tribal-weaver-grass-valley,105 Mill St,Grass Valley,CA,
two-little-birds-nevada-city,234 Commercial St,Nevada City,CA,
whim-be-beautiful-penn-valley,17562 Penn Valley Dr,Penn Valley,CA,
wild-side-grass-valley,160 Mill St,Grass Valley,CA,
caf-lupine-truckee,"11177 Brockway Rd, Ste F101",Truckee,CA,
cake-bakery-and-cafe-grass-valley,131 Mill St,Grass Valley,CA,
caroline-s-coffee-roasters-grass-valley,128 S Auburn St,Grass Valley,CA,
coffeebar-bakery-truckee,10120 Jibboom St,Truckee,CA,
communal-cafe-nevada-city,233 Broad St,Nevada City,CA,
cornerstone-bakery-and-kitchen-truckee,10087 W River St,Truckee,CA,
corvus-bakery-grass-valley,154 Mill St,Grass Valley,CA,
dark-horse-coffee-roasters-truckee-truckee,10009 W River St,Truckee,CA,
deer-creek-bakehouse-nevada-city,405 Commercial St,Nevada City,CA,
drink-coffee-do-stuff-truckee,10115 Donner Pass Rd,Truckee,CA,
flour-garden-bakery-grass-valley,999 Sutton Way & 109 Neal St,Grass Valley,CA,
java-dream-coffee-roasters-penn-valley,11434 Pleasant Valley Rd,Penn Valley,CA,
java-johns-nevada-city,306 Broad St,Nevada City,CA,
mountain-brew-truckee,12373 Donner Pass Rd,Truckee,CA,
outer-heaven-espresso-nevada-city,121 Argall Way,Nevada City,CA,
pacific-crest-coffee-co-truckee,10736 Pioneer Trail,Truckee,CA,
panader-a-matilija-nevada-city,110 York St,Nevada City,CA,
soulspace-collective-grass-valley,206 W Main St,Grass Valley,CA,
truckee-cookies-truckee,"11357 Deerfield Dr, Unit C,",Truckee,CA,
whole-treats-bakery-and-coffee-house-truckee,"10015 Palisades Dr, # A3",Truckee,CA,
wild-cherries-coffee-house-and-bakery-truckee,11429 Donner Pass Rd,Truckee,CA,
wyld-tiger-grass-valley,217 W Main St,Grass Valley,CA,
zuri-coffee-co-truckee,11357 Donner Pass Rd,Truckee,CA,
behind-the-iron-gate-grass-valley,122 Mill St,Grass Valley,CA,
elevation-escape-truckee,12047 Donner Pass Rd,Truckee,CA,
liberty-bell-smart-home-truckee,10072 Donner Pass Rd,Truckee,CA,
mystic-theater-nevada-city,240 Commercial St,Nevada City,CA,
prime-cinemas-grass-valley-grass-valley,165 Mill St & 399 Sutton Way,Grass Valley,CA,
107-argall-way-nevada-city,107 Argall St,Nevada City,CA,
asylum-down-nevada-city,300 Broad St,Nevada City,CA,
atra-nova-nevada-city,219 Broad St,Nevada City,CA,
bespoke-and-atelier-truckee,10098 Donner Pass Rd,Truckee,CA,
bluestone-jewelry-and-wine-truckee,10046 Donner Pass Rd,Truckee,CA,
crush-nevada-city,211 Broad St,Nevada City,CA,
crystal-empire-gems-grass-valley,139 Mill St,Grass Valley,CA,
crystal-rainbow-rock-shop-nevada-city,310 Commercial St,Nevada City,CA,
cultural-threads-truckee,10382 Donner Pass Rd,Truckee,CA,
earthdrop-nevada-city,246 Commercial St,Nevada City,CA,
foothill-mercantile-grass-valley,121 Mill St,Grass Valley,CA,
gather-and-mill-grass-valley,212 W Main St,Grass Valley,CA,
gold-mountain-nevada-city,312 Broad St,Nevada City,CA,
good-anya-plant-shop-truckee,"11429 Donner Pass Rd, #2",Truckee,CA,
goodtimes-boardstore-grass-valley,146 Mill St,Grass Valley,CA,
grass-valley-games-grass-valley,140 Mill St,Grass Valley,CA,
heart-and-home-grass-valley,129 Mill St,Grass Valley,CA,
inner-path-nevada-city,200 Commercial Street,Nevada City,CA,
j-j-jackson-s-nevada-city,244 Commercial St,Nevada City,CA,
kitkitdizzi-nevada-city,231 Broad St,Nevada City,CA,
la-cache-nevada-city,218 Broad St,Nevada City,CA,
lola-and-jack-grass-valley,145 Mill St,Grass Valley,CA,
make-local-habit-grass-valley,112 W Main St,Grass Valley,CA,
mountain-pastimes-nevada-city,320 Spring St,Nevada City,CA,
nevada-city-crystal-and-glass-shop-nevada-city,320 Broad St,Nevada City,CA,
nightingale-farms-grass-valley,156 Mill St,Grass Valley,CA,
shiva-moon-nevada-city,206 Main St,Nevada City,CA,
stucki-jewelers-inc-grass-valley,148 Mill St,Grass Valley,CA,
sugar-and-spice-grass-valley,116 Mill St,Grass Valley,CA,
tess-kitchen-and-culinary-grass-valley,115 Mill St,Grass Valley,CA,
the-cooking-gallery-truckee,10084 Donner Pass Rd,Truckee,CA,
the-earth-store-nevada-city,310 Broad St,Nevada City,CA,
the-fates-fine-jewelry-nevada-city,"211 Broad St, Ste 150",Nevada City,CA,
the-melo-plant-shop-nevada-city,"417 Broad St, Ste A",Nevada City,CA,
the-utopian-stone-nevada-city,301 Broad St,Nevada City,CA,
the-west-wind-grass-valley,102 S Church St,Grass Valley,CA,
tour-of-nevada-city-bicycle-shop-nevada-city,457 Sacramento St,Nevada City,CA,
truckee-love-truckee,10064 Donner Pass Rd,Truckee,CA,
white-buffalo-truckee,10116 Donner Pass Rd,Truckee,CA,
wildflower-nursery-penn-valley,10493 Spenceville Rd,Penn Valley,CA,
yabobo-nevada-city,107 N. Pine Street,Nevada City,CA,
yuba-blue-grass-valley,116 Mill St,Grass Valley,CA,
golden-road-radio-and-television-nevada-city,104 New Mohawk Rd,Nevada City,CA,
knco-star-94-1-fm-grass-valley,1255 E Main St,Grass Valley,CA,
kvmr-89-5fm-nevada-city,120 Bridge St,Nevada City,CA,
kvmrx-105-7fm-nevada-city,120 Bridge St,Nevada City,CA,
nevada-county-media-grass-valley,355 Crown Point Circle,Grass Valley,CA,
sierra-sun-truckee,PO Box 3071,Truckee,CA,
tahoe-truckee-media-truckee,Donner Pass Rd,Truckee,CA,
the-union-grass-valley,464 Sutton Way,Grass Valley,CA,
truckee-tahoe-radio-101-5-ktke-truckee,11890 Donner Pass Rd,Truckee,CA,
yubanet-nevada-city,20150 New Rome Rd,Nevada City,CA,
broad-street-inn-nevada-city,11858 Tammy Way,Nevada City,CA,
clair-tappaan-lodge-truckee,19940Donner Pass Rd,Truckee,CA,
donner-lake-inn-truckee,10070 Gregory Pl,Truckee,CA,
flume-s-end-nevada-city,317 S Pine St,Nevada City,CA,
gold-miners-inn-grass-valley,121 Bank St,Grass Valley,CA,
grass-valley-courtyard-suites-grass-valley,210 N Auburn St,Grass Valley,CA,
grass-valley-rv-resort-grass-valley,1462 Auburn Rd,Grass Valley,CA,
gravity-haus-truckee-tahoe-truckee,10918 Brockway Rd,Truckee,CA,
holbrooke-hotel-grass-valley,212 W Main St,Grass Valley,CA,
inntown-campground-nevada-city,9 Kidder Ct,Nevada City,CA,
loch-leven-lodge-truckee,13855 Donner Pass Rd,Truckee,CA,
martis-valley-lodge-truckee,11951 State Highway 267,Truckee,CA,
river-street-inn-truckee,10009 E River St,Truckee,CA,
springhill-suites-by-marriott-truckee-truckee,10640 E Jibboom St,Truckee,CA,
tahoe-star-hotel-truckee,10015 W River St,Truckee,CA,
the-inn-at-truckee-truckee,11506 Deerfield Dr,Truckee,CA,
the-parsonage-1865-nevada-city,427 Broad St,Nevada City,CA,
the-richardson-house-truckee,10154 High St,Truckee,CA,
west-river-house-truckee,10101 W River St,Truckee,CA,
curious-forge-nevada-city,13024 Bitney Springs Rd,Nevada City,CA,
indian-springs-art-and-ceramic-center-penn-valley,16774 Indian Springs Rd,Penn Valley,CA,
made-by-me-in-truckee-truckee,10191 Donner Pass Rd,Truckee,CA,
donner-memorial-state-park-museum-truckee,12593 Donner Pass Rd,Truckee,CA,
firehouse-no-1-museum-nevada-city,214 Main St,Nevada City,CA,
grass-valley-museum-formerly-st-joseph-s-grass-valley,410 S Church St,Grass Valley,CA,
kidzone-museum-truckee,11711 Donner Pass Rd,Truckee,CA,
miners-foundry-cultural-center-nevada-city,325 Spring St,Nevada City,CA,
museum-of-truckee-history-truckee,10065 Donner Pass Rd,Truckee,CA,
nevada-county-narrow-gauge-railroad-museum-nevada-city,5 Kidder Ct,Nevada City,CA,
north-columbia-schoolhouse-cultural-center-nevada-city,17894 Tyler Foote Rd,Nevada City,CA,
north-star-house-grass-valley,12075 Auburn Rd,Grass Valley,CA,
north-star-mining-museum-grass-valley,933 Allison Ranch Rd,Grass Valley,CA,
old-truckee-jail-museum-truckee,10142 Jibboom St,Truckee,CA,
headquarters-nevada-city,425 Broad Street,Nevada City,CA,
inconcert-sierra-grass-valley,333 Crown Point Cir,Grass Valley,CA,
innerrhythms-dance-theater-truckee,12047 Donner Pass Rd,Truckee,CA,
music-in-the-mountains-grass-valley,131 S Auburn St,Grass Valley,CA,
nevada-theater-nevada-city,401 Broad St,Nevada City,CA,
off-broadstreet-nevada-city,305 Commercial St,Nevada City,CA,
sierra-stages-nevada-city,PO Box 709,Nevada City,CA,
sierra-theatre-company-nevada-city,PO Box 709,Nevada City,CA,
stardust-station-nevada-city,792 Nevada St Exd,Nevada City,CA,
tahoe-truckee-school-of-music-truckee,10083 Meadow Way,Truckee,CA,
the-cauldron-loot-and-lore-grass-valley,107 W Main St,Grass Valley,CA,
the-center-for-the-arts-grass-valley,314 W Main St,Grass Valley,CA,
the-parsonage-annex-nevada-city,425 Broad St,Nevada City,CA,
truckee-community-theater-truckee,10046 Church St,Truckee,CA,
truckee-tahoe-theatre-company-truckee,PO Box 2043,Truckee,CA,
a-serious-production-grass-valley,10126 Alta Sierra Drive,Grass Valley,CA,
mountain-event-productions-nevada-city,12626 Dobbins Dr,Nevada City,CA,
myrtle-tree-arts-nevada-city,305 Railroad Ave,Nevada City,CA,
riparian-studios-nevada-city,305 Railroad Ave,Nevada City,CA,
waking-crow-studio-nevada-city,317 Spring St,Nevada City,CA,
yinne-boma-animation-studios-company-nevada-city,300 Broad St,Nevada City,CA,
yinnebowma-nevada-city,300 Broad St,Nevada City,CA,
fieldmouse-press-grass-valley,435 S Auburn St,Grass Valley,CA,
full-circle-press-grass-valley,12803 MacBoyle Way,Grass Valley,CA,
sibylline-press-grass-valley,"109 Carpenter St, Ste B",Grass Valley,CA,
alpenswing-truckee,"10242 Church St, Ste 206",Truckee,CA,
arbor-tahoe-truckee,10130 Donner Pass Rd,Truckee,CA,
area-13-grass-valley,"117 Neal St, Ste B",Grass Valley,CA,
granite-chief-ski-and-mountain-shop-truckee,11368 Donner Pass Rd,Truckee,CA,
high-altitude-fitness-truckee,11798 Donner Pass Rd,Truckee,CA,
tahoe-mountain-sports-truckee,"11200 Donner Pass Rd, Unit 5E",Truckee,CA,
tahoe-sports-hub-truckee,"10095 W River St, #2",Truckee,CA,
totally-board-truckee,10060 Bridge St,Truckee,CA,
truckee-boardhouse-truckee,11486 Donner Pass Rd,Truckee,CA,
choquiero-cacao-cafe-nevada-city,419 Broad St,Nevada City,CA,
coco-s-candy-and-creamery-grass-valley,2072 Nevada City Hwy.,Grass Valley,CA,
crazy-4-yogurt-penn-valley,10136 Commercial Ave,Penn Valley,CA,
dorinda-s-chocolates-truckee,10191 Donner Pass Rd,Truckee,CA,
lazy-dog-chocolateria-grass-valley,111 Mill St,Grass Valley,CA,
nevada-city-chocolate-shoppe-nevada-city,263 Broad St,Nevada City,CA,
summit-swirl-truckee,11325 Deerfield Dr,Truckee,CA,
sweets-handmade-candies-truckee,10118 Donner Pass Rd,Truckee,CA,
the-truffle-shop-nevada-city,408 Broad St,Nevada City,CA,
treats-nevada-city,210 Main St,Nevada City,CA,
backporch-market-grass-valley,135 Colfax Ave,Grass Valley,CA,
briarpatch-co-op-grass-valley,290 Sierra College Dr,Grass Valley,CA,
buoy-and-trap-seafood-market-truckee,"10825 Pioneer Trail, Ste 100",Truckee,CA,
california-organics-nevada-city,135 Argall Way,Nevada City,CA,
dedrick-s-cheese-nevada-city,209 Commercial St,Nevada City,CA,
el-barrio-mexican-market-grass-valley,309 Neal St,Grass Valley,CA,
elevation-2477-nevada-city,569 Searls Ave,Nevada City,CA,
foothill-flowers-grass-valley,102 W Main St,Grass Valley,CA,
grass-valley-provisions-grass-valley,403 Idaho Maryland Rd,Grass Valley,CA,
hola-tortilla-nevada-city,"821 Zion Street, Unit C2",Nevada City,CA,
long-s-bottle-shop-grass-valley,420 Colfax Ave,Grass Valley,CA,
mi-pueblito-market-truckee,11430 Deerfield Dr,Truckee,CA,
mountain-valley-meats-truckee,"11209 Brockway Rd, #101",Truckee,CA,
new-moon-natural-foods-truckee,11357 Donner Pass Rd,Truckee,CA,
remedy-garden-nevada-city,412 Commercial St,Nevada City,CA,
spd-markets-nevada-city,735 Zion St,Nevada City,CA,
sticks-market-truckee,13710 Donner Pass Rd,Truckee,CA,
tahoe-truckee-jerky-truckee,11401 Donner Pass Rd,Truckee,CA,
the-farmacy-truckee,"12116 Chandelle Way, Unit D1",Truckee,CA,
the-ham-stand-nevada-city,821 Zion St,Nevada City,CA,
the-olive-groove-grass-valley,126 Mill St,Grass Valley,CA,
the-outpost-nevada-city,405 Commercial St,Nevada City,CA,
the-truckee-food-shop-truckee,12030 Donner Pass Rd,Truckee,CA,
winnie-superette-nevada-city,315 Commercial St,Nevada City,CA,
z-market-place-truckee,12716 Northwoods Blvd,Truckee,CA,
zander-s-the-bottleshop-truckee,12047 Donner Pass Rd,Truckee,CA,
beads-galore-grass-valley,989 Sutton Way,Grass Valley,CA,
ben-franklin-grass-valley,598 Sutton Way,Grass Valley,CA,
black-bart-ornamental-iron-works-nevada-city,10481 Gold Flat Rd,Nevada City,CA,
country-copy-grass-valley,1230 E Main St,Grass Valley,CA,
gold-crush-grass-valley,"416 Crown Point Cir, Unit 5",Grass Valley,CA,
grass-valley-sign-grass-valley,13321 Grass Valley Ave,Grass Valley,CA,
gratitudes-gifts-and-home-decor-truckee,10112 Donner Pass Rd,Truckee,CA,
heart-and-soul-spinnery-grass-valley,18939 Julisa Ct,Grass Valley,CA,
heathered-yarn-co-grass-valley,109 W Main St,Grass Valley,CA,
house-of-print-and-copy-grass-valley,1501 E Main St,Grass Valley,CA,
louvre-gallery-grass-valley,124 E Main St,Grass Valley,CA,
love-and-lupines-floral-design-truckee,10736 Pioneer Trail,Truckee,CA,
mountain-forge-inc-truckee,10950 Industrial Way,Truckee,CA,
mountain-recreation-grass-valley,491 E Main St,Grass Valley,CA,
nevada-city-picture-framing-and-gallery-nevada-city,571 Searls Ave,Nevada City,CA,
real-graphic-source-grass-valley,749 Maltman Dr,Grass Valley,CA,
sierra-custom-ink-grass-valley,12506 Loma Rica Dr,Grass Valley,CA,
sierra-rose-alpacas-grass-valley,15895 Greenhorn Rd,Grass Valley,CA,
src-event-rentals-grass-valley,691 Maltman Dr,Grass Valley,CA,
tahoe-print-shop-truckee,10031 W River St,Truckee,CA,
technical-equipment-cleaners-truckee,"10607 W River St, Ste 1D",Truckee,CA,
the-office-boss-truckee,12177 Business Park Dr,Truckee,CA,
tip-printing-and-graphics-truckee,12177 Business Park,Truckee,CA,
wandt-graphix-truckee,"10434 River Park Pl, #1",Truckee,CA,
wonder-docent-nevada-city,230 Broad Street,Nevada City,CA,
you-bet-bicycle-sales-and-service-nevada-city,556 Searls Ave,Nevada City,CA,
alta-sierra-wine-shop-grass-valley,10074 Alta Sierra Dr,Grass Valley,CA,
arquils-winery-nevada-city,11760 Cement Hill Rd,Nevada City,CA,
avanguardia-wines-tasting-room-grass-valley,163 Mill St,Grass Valley,CA,
carrington-s-fine-wines-nevada-city,242 Commercial St # A,Nevada City,CA,
farmstead-cheeses-and-wines-grass-valley,102 Main St,Grass Valley,CA,
gray-pine-winery-penn-valley,19396 Branding Iron Rd,Penn Valley,CA,
lucchesi-tasting-room-grass-valley,128 Mill St,Grass Valley,CA,
montoliva-vineyard-and-winery-chicago-park,15629 Mount Olive Rd,Chicago Park,CA,
mountain-ranch-winery-grass-valley,14364 McCourtney Rd,Grass Valley,CA,
naggiar-vineyards-and-winery-grass-valley,18261 Rosemary Ln,Grass Valley,CA,
new-west-wine-co-grass-valley,212 W Main St,Grass Valley,CA,
sierra-starr-tasting-room-grass-valley,124 W Main St,Grass Valley,CA,
sierra-starr-vineyard-and-winery-grass-valley,11179 Gibson Dr,Grass Valley,CA,
the-pour-house-wine-shop-truckee,10075 Jibboom St,Truckee,CA,
truckee-river-winery-truckee,10061 S River St,Truckee,CA,
uncorked-truckee-truckee,10118 Donner Pass Rd,Truckee,CA,
avanguardia-wines-tasting-room-grass-valley,163 Mill St,Grass Valley,CA,
lucchesi-vineyards-tasting-room-grass-valley,128 Mill St,Grass Valley,CA,
mez-eatery-grass-valley,106 Mill St,Grass Valley,CA,
wild-eye-pub-grass-valley,535 Mill St,Grass Valley,CA,
alloro-cucina-italiana-grass-valley,124 Bank St.,Grass Valley,CA,
antonio-ayestaran-custom-catering-grass-valley,408 Colfax Ave,Grass Valley,CA,
backporch-market-grass-valley,135 Colfax Ave,Grass Valley,CA,
brewbilt-brewing-company-grass-valley,110 Spring Hill Dr Suite 17,Grass Valley,CA,
briarpatch-food-co-op-grass-valley,290 Sierra College Dr.,Grass Valley,CA,
cake-bakery-and-cafe-grass-valley,131 Mill Street,Grass Valley,CA,
caroline-s-coffee-roasters-grass-valley,128 S. Auburn St.,Grass Valley,CA,
el-milagro-mexican-restaurant-grass-valley,"760 S. Auburn St., Ste. A,",Grass Valley,CA,
enrique-s-lounge-grass-valley,120 E. Main Street,Grass Valley,CA,
flour-garden-bakery-grass-valley,999 Sutton Way,Grass Valley,CA,
gold-vibe-kombuchary-grass-valley,12615 Charles Dr.,Grass Valley,CA,
iron-door-speakeasy-grass-valley,212 W. Main Street,Grass Valley,CA,
maria-s-mexican-restaurant-grass-valley,226 E. Main St.,Grass Valley,CA,
marshall-s-pasties-grass-valley,203 Mill St.,Grass Valley,CA,
mountain-ranch-winery-grass-valley,14364 McCourtney Rd.,Grass Valley,CA,
pete-s-pizza-and-tap-house-grass-valley,114 West Main Street,Grass Valley,CA,
soulspace-collective-grass-valley,206 W. Main St.,Grass Valley,CA,
spd-market-and-delicatessen-grass-valley,129 W. McKnight Way,Grass Valley,CA,
wyld-tiger-sourdough-bakery-grass-valley,217 W. Main St.,Grass Valley,CA,
zalt-and-co-bbq-grass-valley,1117 Lower Circle Dr.,Grass Valley,CA,
frescas-farms-and-vineyard-grass-valley,12857 Sierra Vista Dr.,Grass Valley,CA,
gold-miners-inn-grass-valley,121 Bank St.,Grass Valley,CA,
grass-valley-rv-resort-grass-valley,1462 Auburn Road,Grass Valley,CA,
jule-vacation-rentals-grass-valley,"2036 Nevada City Hwy., Ste. 192",Grass Valley,CA,
the-pines-motel-and-cottages-grass-valley,10845 Rough & Ready Hwy.,Grass Valley,CA,
pepe-s-cafe-grass-valley,110 Mill St,Grass Valley,CA,
gold-rush-cookie-company-grass-valley,104 E Main St,Grass Valley,CA,
alta-sierra-wine-shop-grass-valley,10074 Alta Sierra Drive,Grass Valley,CA,
brew-bakers-coffee-and-tea-house-grass-valley,209 W Main St,Grass Valley,CA,
the-owl-tavern-grass-valley,134 Mill St,Grass Valley,CA,
arquils-wine-nevada-city,11760 Cement Hill Road,Nevada City,CA,
brewhaus-nevada-city,300 Spring Street,Nevada City,CA,
communal-cafe-nevada-city,233 Broad Street,Nevada City,CA,
creekside-cottage-nevada-city,520 Jordan St,Nevada City,CA,
dedrick-s-cheese-nevada-city,209 Commercial Street,Nevada City,CA,
elixart-herbal-lounge-and-gallery-nevada-city,203 York St,Nevada City,CA,
garnish-nevada-city,"220 Broad St., Nevada City, CA 95959",Nevada City,CA,
heartwood-eatery-nevada-city,239 Commercial Street,Nevada City,CA,
java-johns-nevada-city,306 W. Broad Street,Nevada City,CA,
lika-s-quarter-cafe-nevada-city,401 Commercial St,Nevada City,CA,
northridge-nevada-city,773 Nevada Street,Nevada City,CA,
outer-heaven-espresso-nevada-city,121 Argall Way,Nevada City,CA,
petra-nevada-city,115 S. Pine Street,Nevada City,CA,
the-fern-nevada-city,235 Commercial St,Nevada City,CA,
the-national-exchange-hotel-nevada-city,211 Broad St,Nevada City,CA,
the-parsonage-1865-nevada-city,427 Broad St,Nevada City,CA,
the-place-on-south-pine-nevada-city,110 South Pine St,Nevada City,CA,
the-truffle-shop-nevada-city,408 Broad Street,Nevada City,CA,
treats-nevada-city,210 Main Street,Nevada City,CA,
restaurant-dekan-nevada-city,300 Commercial St.,Nevada City,CA,
1856-speakeasy-suites-nevada-city,233 Broad Street,Nevada City,CA,
broad-street-inn-nevada-city,517 W. Broad Street,Nevada City,CA,
choquiero-chocolate-and-gifts-nevada-city,419 Broad Street,Nevada City,CA,
flume-s-end-nevada-city,317 S. Pine Street,Nevada City,CA,
fudenjuce-nevada-city,815 Zion Street,Nevada City,CA,
moonrise-on-mill-st-inn-nevada-city,107 Mill St.,Nevada City,CA,
nevada-city-chocolate-shoppe-nevada-city,236 Broad Street,Nevada City,CA,
nevada-city-inn-nevada-city,760 Zion Street,Nevada City,CA,
northern-queen-inn-nevada-city,400 Railroad Avenue,Nevada City,CA,
spd-markets-nevada-city,735 Zion Street,Nevada City,CA,
the-ham-stand-nevada-city,821 Zion Street,Nevada City,CA,
the-pizza-joint-nevada-city,220 Commercial Street,Nevada City,CA,
two-room-inn-nevada-city,431 Broad Street,Nevada City,CA,
gratidude-ranch-nevada-city,18394 Lazy Dog Rd,Nevada City,CA,
clair-tappaan-lodge-norden,19940 Donner Pass Rd.,Norden,CA,
willow-springs-lodge-and-retreat-center-north-san-juan,29085 State Highway 49,North San Juan,CA,
everline-resort-and-spa-lake-tahoe-olympic-valley,400 Resort Rd,Olympic Valley,CA,
palisades-tahoe-lodge-olympic-valley,201 Shirley Canyon Rd,Olympic Valley,CA,
northridge-penn-valley-penn-valley,17464 Penn Valley Dr #101,Penn Valley,CA,
tack-room-restaurant-and-bar-penn-valley,17356 Penn Valley Dr,Penn Valley,CA,
players-restaurant-and-sports-bar-penn-valley,10161 Commercial Ave,Penn Valley,CA,
the-oaks-clubhouse-penn-valley,11255 Cottontail Way,Penn Valley,CA,
daybreak-cafe-penn-valley,17438 Penn Valley Dr #107,Penn Valley,CA,
clarky-s-bbq-smoke-and-more-penn-valley,17487 Penn Valley Dr,Penn Valley,CA,
moi-s-thai-cafe-penn-valley,11332 Pleasant Valley Rd,Penn Valley,CA,
tuscany-gardens-pizzeria-penn-valley,11370 Pleasant Valley Rd,Penn Valley,CA,
java-dream-coffee-roasters-penn-valley,11434 Pleasant Valley Rd,Penn Valley,CA,
1882-bar-and-grill-at-the-river-street-inn-truckee,10009 E River St,Truckee,CA,
bar-of-america-truckee,10040 Donner Pass Rd.,Truckee,CA,
best-western-plus-hotel-truckee-tahoe-truckee,11331 Brockway Rd.,Truckee,CA,
buoy-and-trap-truckee,"10825 Pioneer Trail, Ste. 100",Truckee,CA,
burger-me-truckee,"10418 Donner Pass Rd., Ste. A",Truckee,CA,
casa-baeza-restaurant-and-bar-truckee,10010 Bridge St.,Truckee,CA,
craft-and-logic-taproom-truckee,10192 Donner Pass Rd,Truckee,CA,
donner-lake-inn-truckee,10070 Gregory Pl,Truckee,CA,
drunken-monkey-sushi-truckee,"11253 Brockway Rd., # 105",Truckee,CA,
full-belly-deli-truckee,"10825 Pioneer Trail, Ste. 103",Truckee,CA,
glenshire-general-store-truckee,10095 Dorchester Way A1,Truckee,CA,
glenshire-pizza-company-truckee,"10095 Dorchester, Unit E",Truckee,CA,
gravity-haus-truckee-tahoe-truckee,10918 Brockway Rd.,Truckee,CA,
heychef-truckee,10556 Iris Rd.,Truckee,CA,
inn-at-truckee-truckee,11506 Deerfield Dr.,Truckee,CA,
jax-at-the-tracks-truckee,10144 W River St,Truckee,CA,
little-truckee-ice-creamery-truckee,15628 Donner Pass Rd.,Truckee,CA,
loch-leven-lodge-truckee,13855 Donner Pass Rd.,Truckee,CA,
martis-valley-lodge-truckee,11951 State Hwy. 267,Truckee,CA,
mountain-brew-truckee,12373 Donner Pass Rd,Truckee,CA,
mountain-valley-meats-inc-truckee,"11209 Brockway Rd., Ste. 101",Truckee,CA,
northstar-california-resort-truckee,5001 Northstar Dr.,Truckee,CA,
old-town-tap-truckee,10164 Donner Pass Rd. #1,Truckee,CA,
old-trestle-distillery-llc-truckee,"10434 River Park Pl., Unit B",Truckee,CA,
rubicon-pizza-company-truckee,"6001 Northstar Dr., #6105",Truckee,CA,
schaffer-s-mill-golf-and-lake-club-truckee,9045 Heartwood Dr.,Truckee,CA,
springhill-suites-by-marriott-truckee,10640 E. Jibboom St.,Truckee,CA,
squeeze-in-truckee,"10060 Donner Pass Rd., Ste. B",Truckee,CA,
starting-from-scratch-catering-truckee,10100 Pioneer Trail #6,Truckee,CA,
stella-truckee,10918 Brockway Rd,Truckee,CA,
summit-swirl-truckee,11325 Deerfield Dr.,Truckee,CA,
tahoe-donner-pizza-on-the-hill-restaurant-truckee,11509 Northwoods Blvd.,Truckee,CA,
tahoe-exclusive-vacation-rentals-truckee,"10775 Pioneer Trail, Ste. 211A",Truckee,CA,
tahoe-getaways-truckee,11382 Northwoods Blvd.,Truckee,CA,
tahoe-luxury-properties-truckee,135 River Rd.,Truckee,CA,
tahoe-mountain-lodging-truckee,4001 Northstar Drive #101,Truckee,CA,
tahoe-star-hotel-truckee,10015 W River St.,Truckee,CA,
tahoe-truckee-vacation-properties-truckee,10059 Palisades Dr. #1,Truckee,CA,
cedar-house-sport-hotel-truckee,10918 Brockway Rd,Truckee,CA,
the-lodge-restaurant-and-pub-truckee,12850 Northwoods Blvd.,Truckee,CA,
the-ritz-carlton-lake-tahoe-truckee,13031 Ritz-Carlton Highlands Ct.,Truckee,CA,
tourist-club-truckee,10110 Donner Pass Rd.,Truckee,CA,
truckee-brewing-company-truckee,"10001 Soaring Way, Unit A, Ste.110",Truckee,CA,
truckee-cookies-truckee,"11357 Deerfield Dr., Unit C",Truckee,CA,
truckee-river-rv-park-truckee,10068 Hirschdale Rd.,Truckee,CA,
uncorked-truckee-truckee,"10118 Donner Pass Rd., #3",Truckee,CA,
village-camp-truckee-truckee,10100 Pioneer Trail #35,Truckee,CA,
wild-cherries-coffee-house-truckee,11429 Donner Pass Rd.,Truckee,CA,
zano-s-family-italian-and-pizzeria-truckee,11401 Donner Pass Rd.,Truckee,CA,
el-avagve-taqueria-auburn,1285 Grass Valley Hwy,Auburn,CA,
t-bones-meat-shop-auburn,10934 Combie Rd Suite #122,Auburn,CA,
sunrise-cafe-auburn,10934 Combie Rd,Auburn,CA,
the-grind-auburn,10594 Combie Rd #2,Auburn,CA,
gristmill-grass-valley,10042 Wolf Rd Ste E,Grass Valley,CA,
montoliva-vinyard-and-winery-chicago-park,15629 Mount Olive Rd,Chicago Park,CA,
orchard-springs-campground-grass-valley,19085 Larsen Rd,Grass Valley,CA,
cascade-shores-general-store-and-cafe-nevada-city,16552 Pasquale Rd,Nevada City,CA,
como-mexican-restaurant-truckee,10164 Donner Pass Rd # 3,Truckee,CA,
front-street-station-pizza-truckee,11782 Donner Pass Rd,Truckee,CA,
good-wolf-brewing-truckee,10990 Industrial Way B103,Truckee,CA,
rmu-restaurant-truckee,10292 Donner Pass Rd,Truckee,CA,
donner-creek-brewing-truckee,11448 Deerfield Dr,Truckee,CA,
truckee-tavern-truckee,10118 Donner Pass Rd,Truckee,CA,
coffeebar-bakery-truckee,12047 Donner Pass Rd,Truckee,CA,
darkhorse-coffee-roasters-truckee-truckee,10009 W River St Ste B,Truckee,CA,
drink-coffee-do-stuff-truckee,10115 Donner Pass Rd STE C,Truckee,CA,
pacific-crest-coffee-truckee,10736 Pioneer Trail UNIT 13,Truckee,CA,
zuri-coffee-co-truckee,11357 Donner Pass Rd ste g,Truckee,CA,
clair-tappan-lodge-norden,19940 Donner Pass Rd,Norden,CA,
mi-pueblito-market-truckee,11430 Deerfield Dr,Truckee,CA,
jerky-junction-truckee,11401 Donner Pass Rd,Truckee,CA,
new-moon-natural-foods-truckee,11357 Donner Pass Rd Unit C,Truckee,CA,
the-truckee-food-shop-truckee,12030 Donner Pass Rd #3,Truckee,CA,
zander-s-the-bottleshop-truckee,12047 Donner Pass Rd B-1,Truckee,CA,
1882-bar-and-grill-truckee,10009 E River St,Truckee,CA,
alloro-ristorante-grass-valley,124 Bank St,Grass Valley,CA,
bicycle-thief-grass-valley,"122 E Main St,",Grass Valley,CA,
blue-coyote-bar-and-grill-truckee,10015 Palisades Dr,Truckee,CA,
bubba-s-bagels-grass-valley,860 Sutton Way,Grass Valley,CA,
casa-baeza-mexican-restaurant-truckee,10010 Bridge St,Truckee,CA,
clarky-s-bbq-smoke-and-more-penn-valley,17487 Penn Valley Dr,Penn Valley,CA,
cloud-sushi-truckee,10130 W River St,Truckee,CA,
como-truckee,10164 Donner Pass Rd Ste 3,Truckee,CA,
craft-and-logic-taproom-truckee,11448 Deerfield Dr,Truckee,CA,
donner-lake-kitchen-truckee,13720 Donner Pass Rd,Truckee,CA,
el-toro-bravo-truckee,10186 Donner Pass Rd,Truckee,CA,
elixart-nevada-city,203 York St,Nevada City,CA,
enrique-s-lounge-grass-valley,120 E Main St,Grass Valley,CA,
fiftyfifty-brewing-co-truckee,11197 Brockway Rd Ste 1,Truckee,CA,
friar-tuck-s-restaurant-and-bar-nevada-city,111 N Pine St,Nevada City,CA,
front-street-station-pizza-co-truckee,11782 Donner Pass Rd,Truckee,CA,
fudenj-ce-nevada-city,815 Zion St,Nevada City,CA,
gary-s-place-grass-valley,158 Mill St,Grass Valley,CA,
golden-rotisserie-truckee,11357 Donner Pass Rd,Truckee,CA,
grass-valley-brewing-co-grass-valley,141 E Main St,Grass Valley,CA,
heartwood-eatery-and-annex-nevada-city,237 Commercial St,Nevada City,CA,
jax-at-the-tracks-truckee,"10144 W River St,",Truckee,CA,
kaido-grass-valley,207 W Main St,Grass Valley,CA,
la-bamba-mexican-restaurant-truckee,11760 Donner Pass Rd,Truckee,CA,
lika-s-quarter-cafe-nevada-city,401 Commercial St,Nevada City,CA,
lola-at-the-national-exchange-hotel-nevada-city,211 Broad St,Nevada City,CA,
mak-s-bbq-grass-valley,10128 Alta Sierra Dr,Grass Valley,CA,
makiali-truckee,"11357 Donner Pass Rd, Ste F,",Truckee,CA,
maria-s-mexican-restaurant-grass-valley,226 E Main St,Grass Valley,CA,
marshall-s-pasties-grass-valley,203 Mill St,Grass Valley,CA,
masa-kitchen-truckee,10068 Donner Pass Rd,Truckee,CA,
mcgees-annex-nevada-city,315 Broad St,Nevada City,CA,
mehfil-indian-bistro-truckee,11421 Deerfield Dr,Truckee,CA,
mountain-lotus-cafe-truckee,10124 E St,Truckee,CA,
nevada-city-classic-cafe-nevada-city,216 Broad St,Nevada City,CA,
nevada-club-grass-valley,108 W Main St,Grass Valley,CA,
penn-valley-northridge-penn-valley,17464 Penn Valley Dr #101,Penn Valley,CA,
pete-s-pizza-grass-valley,114 W Main St,Grass Valley,CA,
pianeta-truckee,10098 Donner Pass Rd,Truckee,CA,
pj-s-at-grays-crossing-truckee,11402 Henness Rd,Truckee,CA,
players-restaurant-and-sports-bar-penn-valley,10161 Commercial Ave,Penn Valley,CA,
restaurant-dakan-nevada-city,300 Commercial St,Nevada City,CA,
rmu-truckee,10292 Donner Pass Rd,Truckee,CA,
siam-cuisine-truckee,"10770 Donner Pass Rd, #101",Truckee,CA,
smokey-s-kitchen-truckee,12036 Donner Pass Rd,Truckee,CA,
spring-poke-and-sushi-truckee,11375 Deerfield Dr,Truckee,CA,
sushi-in-the-raw-at-california-organics-nevada-city,135 Argall Way,Nevada City,CA,
sushi-q-nevada-city,238 Commercial St,Nevada City,CA,
tacos-jalisco-truckee,"11400 Donner Pass Rd, #25",Truckee,CA,
tangerine-french-bistro-truckee,10412 Donner Pass Rd,Truckee,CA,
taqueria-el-taco-loco-nevada-city,104 Union St,Nevada City,CA,
taste-of-thai-grass-valley,204 W Main St,Grass Valley,CA,
thai-delicacy-truckee,"11253 Brockway Rd, #101",Truckee,CA,
the-mine-shaft-saloon-nevada-city,222 Broad St,Nevada City,CA,
the-national-bar-nevada-city,211 Broad St,Nevada City,CA,
the-pub-at-donner-lake-truckee,15963 S Shore Dr,Truckee,CA,
the-thirsty-barrel-taphouse-and-grille-grass-valley,116 Neal St,Grass Valley,CA,
thirsty-barrel-brewing-penn-valley-penn-valley,10183 Commercial Ave,Penn Valley,CA,
trokay-truckee,10046 Donner Pass Rd,Truckee,CA,
truckee-brewing-company-restaurant-truckee,"10001 Soaring Way, Unit A Ste 110",Truckee,CA,
truckee-tavern-and-grill-truckee,10118 Donner Pass Rd,Truckee,CA,
tuscany-gardens-pizzeria-penn-valley,11370 Pleasant Valley Rd,Penn Valley,CA,
village-pizzaria-truckee,11329 Deerfield Dr,Truckee,CA,
wong-s-garden-truckee,11430 Deerfield Dr,Truckee,CA,
caf-lupine-truckee,"11177 Brockway Rd, Ste F101",Truckee,CA,
caroline-s-coffee-roasters-grass-valley,128 S Auburn St,Grass Valley,CA,
cornerstone-bakery-and-kitchen-truckee,10087 W River St,Truckee,CA,
corvus-bakery-grass-valley,154 Mill St,Grass Valley,CA,
dark-horse-coffee-roasters-truckee-truckee,10009 W River St Ste B,Truckee,CA,
deer-creek-bakehouse-nevada-city,405 Commercial St,Nevada City,CA,
pacific-crest-coffee-co-truckee,10736 Pioneer Trail Ste 13,Truckee,CA,
panader-a-matilija-nevada-city,110 York St,Nevada City,CA,
whole-treats-bakery-and-coffee-house-truckee,"10015 Palisades Dr, # A3",Truckee,CA,
wild-cherries-coffee-house-and-bakery-truckee,11429 Donner Pass Rd,Truckee,CA,
wyld-tiger-grass-valley,217 W Main St,Grass Valley,CA,
flume-s-end-nevada-city,317 S Pine St,Nevada City,CA,
grass-valley-courtyard-suites-grass-valley,210 N Auburn St,Grass Valley,CA,
holbrooke-hotel-grass-valley,212 W Main St,Grass Valley,CA,
inntown-campground-nevada-city,9 Kidder Ct,Nevada City,CA,
river-street-inn-truckee,10009 E River St,Truckee,CA,
springhill-suites-by-marriott-truckee-truckee,10640 E Jibboom St,Truckee,CA,
the-inn-at-truckee-truckee,11506 Deerfield Dr,Truckee,CA,
the-richardson-house-truckee,10154 High St,Truckee,CA,
west-river-house-truckee,10101 W River St,Truckee,CA,
choquiero-cacao-cafe-nevada-city,419 Broad St Ste A,Nevada City,CA,
coco-s-candy-and-creamery-grass-valley,2072 Nevada City Hwy.,Grass Valley,CA,
crazy-4-yogurt-penn-valley,10136 Commercial Ave,Penn Valley,CA,
dorinda-s-chocolates-truckee,10191 Donner Pass Rd,Truckee,CA,
lazy-dog-chocolateria-grass-valley,111 Mill St,Grass Valley,CA,
sweets-handmade-candies-truckee,10118 Donner Pass Rd,Truckee,CA,
arquils-winery-nevada-city,11760 Cement Hill Rd,Nevada City,CA,
carrington-s-fine-wines-nevada-city,242 Commercial St # A,Nevada City,CA,
farmstead-cheeses-and-wines-grass-valley,102 Main St,Grass Valley,CA,
gray-pine-winery-penn-valley,19396 Branding Iron Rd,Penn Valley,CA,
lucchesi-tasting-room-grass-valley,128 Mill St,Grass Valley,CA,
montoliva-vineyard-and-winery-chicago-park,15629 Mount Olive Rd,Chicago Park,CA,
naggiar-vineyards-and-winery-grass-valley,18261 Rosemary Ln,Grass Valley,CA,
new-west-wine-co-grass-valley,212 W Main St,Grass Valley,CA,
sierra-starr-tasting-room-grass-valley,124 W Main St,Grass Valley,CA,
sierra-starr-vineyard-and-winery-grass-valley,11179 Gibson Dr,Grass Valley,CA,
the-pour-house-wine-shop-truckee,10075 Jibboom St,Truckee,CA,
inconcert-sierra-grass-valley,"333 Crown Point Cir, #125",Grass Valley,CA,
music-in-the-mountains-grass-valley,131 S Auburn St,Grass Valley,CA,
sierra-theatre-company-grass-valley,828 W Main St,Grass Valley,CA,
the-cauldron-grass-valley,"107 W Main St, Ste 3",Grass Valley,CA,
air-aligned-aerial-arts-academy-grass-valley,"900 Golden Gate Ter, Ste E",Grass Valley,CA,
center-for-the-arts-grass-valley,314 West Main St,Grass Valley,CA,
grass-valley-male-voice-choir-grass-valley,P.O. Box 1698,Grass Valley,CA,
music-in-the-mountains-grass-valley,131 S Auburn St.,Grass Valley,CA,
nevada-county-fair-grass-valley,11128 McCourtney Rd,Grass Valley,CA,
nevada-county-gem-and-mineral-society-grass-valley,P.O. Box 1686,Grass Valley,CA,
sierra-dance-institute-grass-valley,13479 Colfax Hwy.,Grass Valley,CA,
sierra-jazz-society-grass-valley,314 W Main St.,Grass Valley,CA,
sierra-master-chorale-inconcert-sierra-twin-cities-concert-association-grass-valley,"333 Crown Point Circle, Suite 125",Grass Valley,CA,
sierra-stages-community-theater-grass-valley,828 W Main St.,Grass Valley,CA,
prime-cinemas-grass-valley,399 Sutton Way,Grass Valley,CA,
crown-point-venues-grass-valley,125 Crown Point Ct.,Grass Valley,CA,
community-of-writers-nevada-city,16191 Indian Flat Rd,Nevada City,CA,
haute-trash-an-artists-collaborative-nevada-city,P.O. Box 622,Nevada City,CA,
holt-ballet-conservatory-nevada-city,"400 Providence Mine Rd, Building N2",Nevada City,CA,
miners-foundry-cultural-center-nevada-city,325 Spring St,Nevada City,CA,
nevada-city-film-festival-nevada-city,110 Union Street,Nevada City,CA,
nevada-county-arts-council-nevada-city,100 N Pine St.,Nevada City,CA,
nevada-county-composers-cooperative-nevada-city,221 Boulder St.,Nevada City,CA,
north-columbia-schoolhouse-cultural-center-nevada-city,17894 Tyler Foote Rd,Nevada City,CA,
off-broadstreet-theatre-nevada-city,305 Commercial St,Nevada City,CA,
the-curious-forge-nevada-city,13024 Bitney Springs Rd Bldg 9,Nevada City,CA,
community-asian-theatre-of-the-sierra-cats-grass-valley,PO Box 1266,Grass Valley,CA,
film-projects-penn-valley,14681 Oak Meadow Rd,Penn Valley,CA,
lake-wildwood-music-club-penn-valley,11255 Cottontail Wy,Penn Valley,CA,
lake-wildwood-womens-chorus-penn-valley,11255 Cottontail Wy,Penn Valley,CA,
truckee-community-theater-truckee,10046 Church St.,Truckee,CA,
truckee-public-arts-commission-truckee,8924 Donner Pass Rd.,Truckee,CA,
ivy-photography-grass-valley,14455 Fifield Rd,Grass Valley,CA,
inspire-woodworks-smartsville,7809 Buckboard Ln,Smartsville,CA,
tahoe-music-alive-truckee,12577 Granite Dr.,Truckee,CA,
kidzone-museum-truckee,11711 Donner Pass Rd,Truckee,CA,
truckee-tahoe-arts-alliance-truckee,10065 Donner Pass Rd,Truckee,CA,
truckee-tahoe-youth-chorus-truckee,11001 College Trail,Truckee,CA,
truckee-community-theater-truckee,P.O. Box 2043,Truckee,CA,
headquarters-nevada-city,425 Broad Street,Nevada City,CA,
innerrhythms-dance-theater-truckee,12047 Donner Pass Rd Ste B5,Truckee,CA,
nevada-theater-nevada-city,401 Broad St,Nevada City,CA,
off-broadstreet-nevada-city,305 Commercial St,Nevada City,CA,
sierra-stages-nevada-city,PO Box 709,Nevada City,CA,
stardust-station-nevada-city,792 Nevada St Exd,Nevada City,CA,
the-cauldron-loot-and-lore-grass-valley,107 W Main St Unit A,Grass Valley,CA,
the-center-for-the-arts-grass-valley,314 W Main St,Grass Valley,CA,
truckee-tahoe-theatre-company-truckee,PO Box 2043,Truckee,CA,
bear-river-library-auburn,11010 Combie Rd,Auburn,CA,
sierra-community-house-truckee,11890 Donner Pass Rd. Suite 1,Truckee,CA,
la-fuerza-latina-agency-truckee-truckee,10266 Truckee Airport Rd. Suite C,Truckee,CA,
tahoe-truckee-media-truckee,11725 Donner Pass Rd,Truckee,CA,
prime-cinemas-del-oro-theatre-grass-valley,165 Mill Street,Grass Valley,CA,
an-inner-sanctum-nevada-city,"308 Broad St,",Nevada City,CA,
brown-banana-books-grass-valley,671 Maltman Dr,Grass Valley,CA,
clock-tower-records-grass-valley,130 W Main St,Grass Valley,CA,
foggy-mountain-music-grass-valley,104 W Main St,Grass Valley,CA,
gold-city-guitar-repair-nevada-city,220 Main St #7B,Nevada City,CA,
nevada-county-doris-foley-library-for-historical-research-nevada-city,211 N Pine St,Nevada City,CA,
nevada-county-library-bear-river-branch-auburn,11010 Combie Rd,Auburn,CA,
nevada-county-library-grass-valley-royce-branch-grass-valley,207 Mill St,Grass Valley,CA,
nevada-county-library-madelyn-helling-branch-nevada-city,980 Helling Way,Nevada City,CA,
nevada-county-library-penn-valley-branch-penn-valley,11252 Pleasant Valley Rd,Penn Valley,CA,
rock-cellar-records-truckee,10052 Donner Pass Rd,Truckee,CA,
ron-s-real-records-grass-valley,233A Mill St,Grass Valley,CA,
san-juan-ridge-community-library-nevada-city,18841 Oak Tree Rd,Nevada City,CA,
sans-backup-plan-records-nevada-city,"748 Zion St, A",Nevada City,CA,
sound-check-music-grass-valley,671 Maltman Dr #5,Grass Valley,CA,
split-rock-music-co-truckee,10230 Donner Pass Rd,Truckee,CA,
toad-hall-books-nevada-city,108 N Pine St,Nevada City,CA,
word-after-word-books-truckee,10052 Donner Pass Rd,Truckee,CA,
knco-star-94-1-fm-grass-valley,1255 E Main St,Grass Valley,CA,
kvmr-89-5fm-nevada-city,120 Bridge St,Nevada City,CA,
kvmrx-105-7fm-nevada-city,120 Bridge St,Nevada City,CA,
nevada-county-media-grass-valley,355 Crown Point Circle,Grass Valley,CA,
sierra-sun-truckee,PO Box 3071,Truckee,CA,
the-union-grass-valley,464 Sutton Way,Grass Valley,CA,
truckee-tahoe-radio-101-5-ktke-truckee,11890 Donner Pass Rd Suite 2,Truckee,CA,
yubanet-nevada-city,20150 New Rome Rd,Nevada City,CA,
fieldmouse-press-grass-valley,435 S Auburn St,Grass Valley,CA,
full-circle-press-grass-valley,12803 MacBoyle Way,Grass Valley,CA,
sibylline-press-grass-valley,"109 Carpenter St, Ste B",Grass Valley,CA,
thursday-night-markets-grass-valley,Mill St.,Grass Valley,CA,
craft-guild-winterfair-grass-valley,11228 McCourtney Rd,Grass Valley,CA,
red-white-and-country-music-festival-grass-valley,11228 McCourtney Rd,Grass Valley,CA,
firebird-summerfest-grass-valley,314 W Main St.,Grass Valley,CA,
earth-fest-street-fair-nevada-city,Broad Street,Nevada City,CA,
humbug-day-nevada-city,23579 N Bloomfield Rd,Nevada City,CA,
truckee-brewfest-truckee,10500 Brockway Road Truckee,Truckee,CA,
truckee-winter-carnival-truckee,"10981 Truckee Way, Truckee",Truckee,CA,
latitude-39-festival-truckee,10050 Brockway Rd,Truckee,CA,
truckee-music-festival-truckee,12200 Joerger Dr,Truckee,CA,
music-in-the-park-truckee-truckee,10500 Brockway Rd,Truckee,CA,
the-great-ski-race-tahoe-city,925 Country Club Dr,Tahoe City,CA,
truckee-literary-festival-truckee,10065 Donner Pass Rd,Truckee,CA,
truckee-pride-week-truckee,10065 Donner Pass Rd,Truckee,CA,
truckee-roundhouse-annual-makers-show-truckee,"12116 Chandelle Way, Suite E3",Truckee,CA,
first-saturdays-art-walks-truckee,10065 Donner Pass Rd,Truckee,CA,
moody-s-jazz-camp-truckee,10007 Bridge St,Truckee,CA,
trails-and-vistas-art-hikes-truckee,PO Box 211,Truckee,CA,
mexican-heritage-festival-truckee,10500 Brockway Rd,Truckee,CA,
annual-truckee-river-day-and-fair-truckee,8898-8904 River Rd,Truckee,CA,
truckee-wine-walk-and-shop-truckee,10065 Donner Pass Rd,Truckee,CA,
truckee-s-historical-haunted-tour-truckee,10007 Bridge St,Truckee,CA,
tahoe-donner-annual-fall-festival-truckee,11509 Northwoods Blvd.,Truckee,CA,
truckee-tree-lighting-ceremony-truckee,"11500 Donner Pass Road, Unit A",Truckee,CA,
truckee-certified-farmers-market-truckee,10695 Old Brockway Rd,Truckee,CA,
art-space-grass-valley,509 S Auburn St,Grass Valley,CA,
bear-river-glassworks-grass-valley,20033 Casa Loma Dr,Grass Valley,CA,
c-h-a-m-p-gallery-at-city-hall-nevada-city,317 Broad Street,Nevada City,CA,
eric-rood-administration-center-lobby-nevada-city,950 Maidu Ave,Nevada City,CA,
holt-ballet-conservatory-nevada-city,400 Providence Mine Rd,Nevada City,CA,
indian-springs-art-and-ceramic-center-penn-valley,16774 Indian Springs Rd,Penn Valley,CA,
the-chambers-project-grass-valley,627 E Main St,Grass Valley,CA,
the-granucci-gallery-grass-valley,314 W Main St,Grass Valley,CA,
the-vault-crush-nevada-city,211 Broad St,Nevada City,CA,
uba-seo-nisenan-arts-and-culture-nevada-city,225 Broad St,Nevada City,CA,
wolf-craft-school-nevada-city,"205 York St, Suite C",Nevada City,CA,
wonder-docent-nevada-city,230 Broad St,Nevada City,CA,
the-parsonage-annex-nevada-city,425 Broad St,Nevada City,CA,
higgins-lions-community-center-grass-valley,22490 E Hacienda Dr,Grass Valley,CA,
9848-gallery-at-truckee-artist-lofts-truckee,9848 Donner Pass Rd,Truckee,CA,
ridgeline-gallery-truckee,10104 Donner Pass Road,Truckee,CA,
piper-j-gallery-truckee,10250 Donner Pass Rd,Truckee,CA,
la-galleria-truckee,10112 Donner Pass Rd,Truckee,CA,
steve-randall-community-recreation-center-truckee,10981 Truckee Way,Truckee,CA,
town-of-truckee-exhibition-hall-truckee,10183 Truckee Airport Road Truckee,Truckee,CA,
lift-workspace-truckee,10266 Truckee Airport Rd Suite C,Truckee,CA,
9848-gallery-truckee-artist-lofts-truckee,9848 Donner Pass Rd,Truckee,CA,
art-works-gallery-grass-valley,113 Mill St,Grass Valley,CA,
asif-studios-grass-valley,940 Idaho Maryland Rd,Grass Valley,CA,
juxtartstudios-nevada-city,406 Nimrod St,Nevada City,CA,
mix-decor-design-nevada-city,108 Argall Way,Nevada City,CA,
seven-stars-gallery-nevada-city,210 Spring St,Nevada City,CA,
truckee-dance-factory-truckee,"10975 Pioneer Trail, #3",Truckee,CA,
truckee-tahoe-airport-truckee,10356 Truckee Airport,Truckee,CA,
uba-seo-nisenan-arts-and-culture-nevada-city,225 Broad St,Nevada City,CA,
curious-forge-nevada-city,13024 Bitney Springs Rd Bldg 9,Nevada City,CA,
indian-springs-art-and-ceramic-center-penn-valley,16774 Indian Springs Rd,Penn Valley,CA,
made-by-me-in-truckee-truckee,10191 Donner Pass Rd,Truckee,CA,
donner-memorial-state-park-museum-truckee,12593 Donner Pass Rd,Truckee,CA,
firehouse-no-1-museum-nevada-city,214 Main St,Nevada City,CA,
grass-valley-museum-formerly-st-joseph-s-grass-valley,410 S Church St,Grass Valley,CA,
nevada-county-narrow-gauge-railroad-museum-nevada-city,5 Kidder Ct,Nevada City,CA,
north-star-mining-museum-grass-valley,933 Allison Ranch Rd,Grass Valley,CA,
behind-the-iron-gate-grass-valley,122 Mill St,Grass Valley,CA,
elevation-escape-truckee,12047 Donner Pass Rd,Truckee,CA,
liberty-bell-smart-home-truckee,10072 Donner Pass Rd,Truckee,CA,
mystic-theater-nevada-city,240 Commercial St,Nevada City,CA,
prime-cinemas-grass-valley-grass-valley,165 Mill St & 399 Sutton Way,Grass Valley,CA,
107-argall-way-nevada-city,107 Argall St,Nevada City,CA,
alpenswing-truckee,"10242 Church St, Ste 206",Truckee,CA,
high-altitude-fitness-truckee,11798 Donner Pass Rd,Truckee,CA,
adele-s-attic-truckee,10064 Donner Pass Road STE 2,Truckee,CA,
back-in-the-day-grass-valley,120 Mill St,Grass Valley,CA,
brothers-arts-and-antiques-nevada-city,319 Broad St,Nevada City,CA,
enid-and-edgar-vintage-nevada-city,754 Zion St,Nevada City,CA,
grass-valley-antique-emporium-grass-valley,150 Mill St,Grass Valley,CA,
kodo-arts-japanese-antiques-nevada-city,571 Searls Ave,Nevada City,CA,
lost-and-found-vintage-nevada-city,227 Broad St Ste 101,Nevada City,CA,
solstice-nevada-city,104 N Pine St,Nevada City,CA,
sunchild-s-parlour-grass-valley,126 W Main St,Grass Valley,CA,
unique-boutique-truckee,10925 W River St,Truckee,CA,
valhalla-vintage-truckee,10736 Pioneer Trail Suite 5,Truckee,CA,
vintage-on-mill-grass-valley,117 Mill St,Grass Valley,CA,
abstrakt-nevada-city,228 Broad St,Nevada City,CA,
bamboo-home-store-grass-valley,114 E Main St Ste B,Grass Valley,CA,
cabona-s-truckee,10100 Donner Pass Rd,Truckee,CA,
california-89-truckee,10156 Donner Pass Rd,Truckee,CA,
cosmic-shark-clothing-grass-valley,13024 Bitney Springs Road Bldg 9,Grass Valley,CA,
dressed-boutique-truckee,10084 Donner Pass Rd,Truckee,CA,
earth-central-nevada-city,417 Broad St Ste A,Nevada City,CA,
echo-blue-truckee,"11429 Donner Pass Rd, Ste 5",Truckee,CA,
ela-chapman-truckee,10056 Donner Pass Rd,Truckee,CA,
elevate-athleisure-grass-valley,124 Mill St,Grass Valley,CA,
empire-shoes-grass-valley,112 Mill St,Grass Valley,CA,
field-day-apparel-nevada-city,408 Broad St,Nevada City,CA,
fur-traders-nevada-city,303 Broad St,Nevada City,CA,
j-breuer-clothing-grass-valley,141 Mill St,Grass Valley,CA,
juniper-boutique-truckee,10056 Donner Pass Rd,Truckee,CA,
kalifornia-jean-bar-truckee,10092 Donner Pass Rd,Truckee,CA,
kiya-s-naturals-nevada-city,241 Commercial St Ste A,Nevada City,CA,
lateda-grass-valley,138 Mill St,Grass Valley,CA,
main-street-kids-nevada-city,212 Main Street,Nevada City,CA,
mama-madrones-nevada-city,307 Broad St,Nevada City,CA,
marilyn-s-catwalk-truckee,10058 Donner Pass Rd,Truckee,CA,
marley-lane-grass-valley,105 W Main St,Grass Valley,CA,
mint-grass-valley,144 Mill St,Grass Valley,CA,
mo-jo-and-zoe-truckee,10122 Donner Pass Rd,Truckee,CA,
moms-and-minis-grass-valley,201 W Main St,Grass Valley,CA,
native-wren-grass-valley,125 Mill St,Grass Valley,CA,
nomad-boutique-truckee,10046 Donner Pass Rd #2,Truckee,CA,
novak-s-menswear-nevada-city,305 Broad St,Nevada City,CA,
of-earth-and-salt-nevada-city,576 Searls Ave,Nevada City,CA,
soulcrafts-nevada-city,236 Commercial St,Nevada City,CA,
tahoe-mountain-life-truckee,"10120 Jibboom St, #102",Truckee,CA,
tahoe-truckee-t-shirtery-truckee,10128 Donner Pass Rd,Truckee,CA,
the-hat-store-nevada-city,314 Broad St,Nevada City,CA,
the-phoenix-rose-nevada-city,313 Broad St,Nevada City,CA,
the-sock-parlour-truckee,"10064 Donner Pass Rd, Ste 1",Truckee,CA,
tribal-weaver-grass-valley,105 Mill St,Grass Valley,CA,
two-little-birds-nevada-city,234 Commercial St,Nevada City,CA,
whim-be-beautiful-penn-valley,17562 Penn Valley Dr Ste C,Penn Valley,CA,
wild-side-grass-valley,160 Mill St,Grass Valley,CA,
asylum-down-nevada-city,300 Broad St,Nevada City,CA,
atra-nova-nevada-city,219 Broad St,Nevada City,CA,
bespoke-and-atelier-truckee,10098 Donner Pass Rd,Truckee,CA,
bluestone-jewelry-and-wine-truckee,10046 Donner Pass Rd Ste 3,Truckee,CA,
crush-nevada-city,211 Broad St,Nevada City,CA,
crystal-empire-gems-grass-valley,139 Mill St,Grass Valley,CA,
crystal-rainbow-rock-shop-nevada-city,310 Commercial St,Nevada City,CA,
cultural-threads-truckee,10382 Donner Pass Rd,Truckee,CA,
earthdrop-nevada-city,246 Commercial St,Nevada City,CA,
foothill-mercantile-grass-valley,121 Mill St,Grass Valley,CA,
gather-and-mill-grass-valley,212 W Main St,Grass Valley,CA,
gold-mountain-nevada-city,312 Broad St,Nevada City,CA,
good-anya-plant-shop-truckee,"11429 Donner Pass Rd, #2",Truckee,CA,
goodtimes-boardstore-grass-valley,146 Mill St,Grass Valley,CA,
grass-valley-games-grass-valley,140 Mill St,Grass Valley,CA,
heart-and-home-grass-valley,129 Mill St,Grass Valley,CA,
inner-path-nevada-city,200 Commercial Street,Nevada City,CA,
j-j-jackson-s-nevada-city,244 Commercial St,Nevada City,CA,
la-cache-nevada-city,218 Broad St,Nevada City,CA,
lola-and-jack-grass-valley,145 Mill St,Grass Valley,CA,
make-local-habit-grass-valley,112 W Main St,Grass Valley,CA,
mountain-pastimes-nevada-city,320 Spring St,Nevada City,CA,
nevada-city-crystal-and-glass-shop-nevada-city,320 Broad St,Nevada City,CA,
nightingale-farms-grass-valley,156 Mill St,Grass Valley,CA,
shiva-moon-nevada-city,206 Main St,Nevada City,CA,
stucki-jewelers-inc-grass-valley,148 Mill St,Grass Valley,CA,
sugar-and-spice-grass-valley,116 Mill St,Grass Valley,CA,
tess-kitchen-and-culinary-grass-valley,115 Mill St,Grass Valley,CA,
the-cooking-gallery-truckee,10084 Donner Pass Rd,Truckee,CA,
the-earth-store-nevada-city,310 Broad St,Nevada City,CA,
the-fates-fine-jewelry-nevada-city,"211 Broad St, Ste 150",Nevada City,CA,
the-melo-plant-shop-nevada-city,"417 Broad St, Ste A",Nevada City,CA,
the-utopian-stone-nevada-city,301 Broad St,Nevada City,CA,
the-west-wind-grass-valley,102 S Church St,Grass Valley,CA,
tour-of-nevada-city-bicycle-shop-nevada-city,457 Sacramento St,Nevada City,CA,
truckee-love-truckee,10064 Donner Pass Rd Ste 2,Truckee,CA,
white-buffalo-truckee,10116 Donner Pass Rd,Truckee,CA,
wildflower-nursery-penn-valley,10493 Spenceville Rd,Penn Valley,CA,
yabobo-nevada-city,107 N. Pine Street,Nevada City,CA,
yuba-blue-grass-valley,116 Mill St,Grass Valley,CA,
briarpatch-co-op-grass-valley,290 Sierra College Dr,Grass Valley,CA,
buoy-and-trap-seafood-market-truckee,"10825 Pioneer Trail, Ste 100",Truckee,CA,
california-organics-nevada-city,135 Argall Way,Nevada City,CA,
el-barrio-mexican-market-grass-valley,309 Neal St,Grass Valley,CA,
elevation-2477-nevada-city,569 Searls Ave Ste D,Nevada City,CA,
foothill-flowers-grass-valley,102 W Main St,Grass Valley,CA,
grass-valley-provisions-grass-valley,403 Idaho Maryland Rd,Grass Valley,CA,
hola-tortilla-nevada-city,"821 Zion Street, Unit C2",Nevada City,CA,
long-s-bottle-shop-grass-valley,420 Colfax Ave,Grass Valley,CA,
mountain-valley-meats-truckee,"11209 Brockway Rd, #101",Truckee,CA,
remedy-garden-nevada-city,412 Commercial St,Nevada City,CA,
sticks-market-truckee,13710 Donner Pass Rd,Truckee,CA,
tahoe-truckee-jerky-truckee,11401 Donner Pass Rd,Truckee,CA,
the-farmacy-truckee,"12116 Chandelle Way, Unit D1",Truckee,CA,
the-olive-groove-grass-valley,126 Mill St,Grass Valley,CA,
the-outpost-nevada-city,405 Commercial St,Nevada City,CA,
winnie-superette-nevada-city,315 Commercial St,Nevada City,CA,
z-market-place-truckee,12716 Northwoods Blvd,Truckee,CA,
zander-s-the-bottleshop-truckee,12047 Donner Pass Rd Ste B1,Truckee,CA,
old-truckee-jail-museum-truckee,10142 Jibboom St,Truckee,CA,
museum-of-truckee-history-truckee,10065 Donner Pass Rd,Truckee,CA,
truckee-donner-land-trust-truckee,11073 Donner Pass Rd,Truckee,CA,
truckee-river-watershed-council-truckee,10418 Donner Pass Rd,Truckee,CA,
donner-memorial-state-park-visitor-center-truckee,12593 Donner Pass Rd,Truckee,CA,
greater-grass-valley-chamber-of-commerce-grass-valley,128 E Main St,Grass Valley,CA,
lift-cowork-conference-and-wellness-center-truckee,10266 Truckee Airport Rd Ste C,Truckee,CA,
nevada-county-arts-council-and-truckee-cultural-district-truckee,"10266 Truckee Airport Rd, Ste C",Truckee,CA,
auric-adornments-grass-valley,470 Auburn St,Grass Valley,CA,
grateful-ink-nevada-city,315 Spring St,Nevada City,CA,
punk-and-bunny-tattoo-grass-valley,1087 E Main St,Grass Valley,CA,
snowy-mountain-tattoo-co-truckee,11400 Donner Pass Rd Ste 20,Truckee,CA,
sweet-spirit-tattoo-nevada-city,"420 Providence Mine Rd, Ste 245",Nevada City,CA,
truth-tattoo-truckee,10099 Jibboom St,Truckee,CA,
a-serious-production-grass-valley,10126 Alta Sierra Drive #296,Grass Valley,CA,
mountain-event-productions-nevada-city,12626 Dobbins Dr,Nevada City,CA,
myrtle-tree-arts-nevada-city,305 Railroad Ave,Nevada City,CA,
riparian-studios-nevada-city,305 Railroad Ave Ste #2,Nevada City,CA,
waking-crow-studio-nevada-city,317 Spring St,Nevada City,CA,
yinne-boma-animation-studios-company-nevada-city,300 Broad St,Nevada City,CA,
yinnebowma-nevada-city,300 Broad St,Nevada City,CA,
beads-galore-grass-valley,989 Sutton Way,Grass Valley,CA,
ben-franklin-grass-valley,598 Sutton Way,Grass Valley,CA,
black-bart-ornamental-iron-works-nevada-city,10481 Gold Flat Rd,Nevada City,CA,
country-copy-grass-valley,1230 E Main St,Grass Valley,CA,
gold-crush-grass-valley,"416 Crown Point Cir, Unit 5",Grass Valley,CA,
grass-valley-sign-grass-valley,13321 Grass Valley Ave #2,Grass Valley,CA,
gratitudes-gifts-and-home-decor-truckee,10112 Donner Pass Rd,Truckee,CA,
heart-and-soul-spinnery-grass-valley,18939 Julisa Ct,Grass Valley,CA,
heathered-yarn-co-grass-valley,109 W Main St,Grass Valley,CA,
house-of-print-and-copy-grass-valley,1501 E Main St,Grass Valley,CA,
louvre-gallery-grass-valley,124 E Main St,Grass Valley,CA,
love-and-lupines-floral-design-truckee,10736 Pioneer Trail Unit 6,Truckee,CA,
mountain-forge-inc-truckee,10950 Industrial Way Ste 1A,Truckee,CA,
mountain-recreation-grass-valley,491 E Main St,Grass Valley,CA,
nevada-city-picture-framing-and-gallery-nevada-city,571 Searls Ave #B,Nevada City,CA,
real-graphic-source-grass-valley,749 Maltman Dr,Grass Valley,CA,
sierra-custom-ink-grass-valley,12506 Loma Rica Dr,Grass Valley,CA,
sierra-rose-alpacas-grass-valley,15895 Greenhorn Rd,Grass Valley,CA,
src-event-rentals-grass-valley,691 Maltman Dr,Grass Valley,CA,
tahoe-print-shop-truckee,10031 W River St,Truckee,CA,
technical-equipment-cleaners-truckee,"10607 W River St, Ste 1D",Truckee,CA,
the-office-boss-truckee,12177 Business Park Dr Ste 2,Truckee,CA,
tip-printing-and-graphics-truckee,12177 Business Park Ste 9,Truckee,CA,
wandt-graphix-truckee,"10434 River Park Pl, #1",Truckee,CA,
you-bet-bicycle-sales-and-service-nevada-city,556 Searls Ave,Nevada City,CA,
arbor-tahoe-truckee,10130 Donner Pass Rd,Truckee,CA,
area-13-grass-valley,"117 Neal St, Ste B",Grass Valley,CA,
granite-chief-ski-and-mountain-shop-truckee,11368 Donner Pass Rd,Truckee,CA,
tahoe-mountain-sports-truckee,"11200 Donner Pass Rd, Unit 5E",Truckee,CA,
tahoe-sports-hub-truckee,"10095 W River St, #2",Truckee,CA,
totally-board-truckee,10060 Bridge St,Truckee,CA,
truckee-boardhouse-truckee,11486 Donner Pass Rd,Truckee,CA,
flying-into-the-future-grass-valley,10837 Rough and Ready Hwy,Grass Valley,CA,
the-history-of-communication-grass-valley,115 S Church Street,Grass Valley,CA,
mine-shift-grass-valley,165 Mill Street,Grass Valley,CA,
lola-montez-grass-valley,121 Neal Street,Grass Valley,CA,
military-tribute-grass-valley,308 Race Street,Grass Valley,CA,
diego-s-grass-valley,217 Colfax Ave.,Grass Valley,CA,
daspah-seyo-wolf-creek-grass-valley,111 W McKnight Way,Grass Valley,CA,
peonies-grass-valley,580 Brunswick Rd,Grass Valley,CA,
el-barrio-mural-grass-valley,131 Mill St Suite 1,Grass Valley,CA,
solim-ni-i-sing-grass-vally,305 Neal Street,Grass Vally,CA,
cosmic-auditorium-nevada-city,107 Argall Way,Nevada City,CA,
drop-by-drop-a-river-is-formed-nevada-city,401 Broad St.,Nevada City,CA,
the-milhouse-eyes-nevada-city,24077 CA-49,Nevada City,CA,
welcome-to-truckee-truckee,10050 Bridge St.,Truckee,CA,
truckee-mural-truckee,10156 Bridge St.,Truckee,CA,
truckee-downtown-park-truckee,10046 Church St.,Truckee,CA,
finding-your-fold-truckee,11603 Donner Pass Rd.,Truckee,CA,
the-power-of-yet-truckee,10931 Alder Creek Rd.,Truckee,CA,
fish-scuptures-at-donner-lake-by-building-180-truckee,15511 Donner Pass Rd.,Truckee,CA,
nevada-county-fairgrounds-grass-valley,11410 McCourtney Rd,Grass Valley,CA,
pioneer-park-nevada-city,425 Nimrod St,Nevada City,CA,
yewei-im-bom-trail-nevada-city,16200 Lake Vera Purdon Rd,Nevada City,CA,
sawtooth-trailhead-truckee,11632 06 Fire Rd,Truckee,CA,
black-swan-trail-smartsville,Mooney Flat Rd,Smartsville,CA,
boca-dam-trail-truckee,Boca Dam Reservoir Rd,Truckee,CA,
